Acc.Number,Leaf blade length [cm],Leaf blade width [cm],Culm length [cm],Panicle length [cm],Ligule length [mm],Culm diameter [mm],Total number of tillers ,Number of fertile tillers ,Ligule Shape,Plant Type
WAB0000089,"14,35","1,00","64,00","17,50","0,50","6,20",2,1,CLEFT,ERECT
WAB0000157,"34,58","1,93","124,72","25,40","0,59","0,61",40,28,,
WAB0000169,"31,96","1,30","82,50","17,67","1,77","5,73",13,12,ACUTE TO ACCUMUNATE,ERECT
WAB0000189,"42,33","1,60","108,08","27,73",,,15,17,,
WAB0000209,"37,44","1,62","116,21","27,08",,"5,00",44,16,,
WAB0000210,"32,58","1,07","81,10","32,17","2,10","7,13",28,26,CLEFT,ERECT
WAB0000776,"30,92","2,24","112,46","24,55",,"0,56",23,13,,
WAB0000933,"40,29","1,30","133,54","28,68",,"0,58",28,26,,
WAB0002259,"34,18","1,79","130,23","25,69",,,19,14,,
WAB0002276,"42,59","1,33","110,39","27,44",,"0,56",12,9,,
WAB0002279,"25,16","0,97","67,67","28,23","1,40","6,13",12,10,MIXTURE,ERECT
WAB0002302,"24,34","0,77","67,43","31,53","1,93","6,40",20,20,CLEFT,ERECT
WAB0002477,"33,51","1,47","117,37","23,05",,"0,58",37,27,,
WAB0002482,"50,28","1,58","127,18","28,73","2,51","0,61",19,14,,
WAB0003163,"41,71",,"117,84","28,34",,,14,13,,
WAB0003165,"28,12","1,20","101,17","24,60","1,70","6,53",6,5,CLEFT,ERECT
WAB0003632,"28,22","1,07","80,33","22,27","1,93","4,90",17,14,CLEFT,ERECT
WAB0003640,,"1,50","148,47",,,,10,8,,
WAB0003661,"42,55","1,66","120,07","21,70","1,20","0,51",19,8,,
WAB0003669,"39,60","1,72","111,99","22,40",,,22,18,,
WAB0003682,"27,92","1,17","76,33","24,07","1,57","4,63",13,13,CLEFT,ERECT
WAB0003879,"45,66","1,66","138,78","25,88",,,14,13,,
WAB0003901,"23,26","1,00","75,33","27,17","1,33","4,67",14,13,,
WAB0003902,"33,20","1,03","92,67",,"2,23","6,73",20,19,ACUTE TO ACCUMUNATE,ERECT
WAB0004035,"35,99",,"128,64","29,25",,,22,14,,
WAB0004047,"49,50",,"124,68","27,85",,,12,17,,
WAB0004051,"21,02","0,90","75,00","18,07","0,47","7,30",9,7,ACUTE TO ACCUMUNATE,ERECT
WAB0004054,"42,88","1,35","153,33","30,62","1,67","5,45",11,10,,
WAB0004086,"37,26","1,25","123,60","30,98",,"4,37",38,20,,
WAB0004089,"26,02","1,17","78,33","22,87","1,93","5,43",18,17,ACUTE TO ACCUMUNATE,ERECT
WAB0004246,"43,44","1,27","130,59","29,60",,,18,14,,
WAB0004278,"32,04",,"120,60","26,71","0,51","0,78",13,12,,
WAB0004291,"33,52","1,00","121,90","25,76",,,18,14,,
WAB0004300,"38,82","1,27","123,83","28,30",,"3,87",42,22,,
WAB0004343,"38,67","1,83","120,60","29,03",,"0,58",13,12,,
WAB0004360,"37,85","1,72","110,21","23,59","0,52","0,51",36,25,,
WAB0004397,"35,31","1,78","112,97","22,29",,"0,52",16,10,,
WAB0004398,"41,87","1,80","79,33","24,45","1,50",,10,8,,
WAB0004440,"34,06","1,70","112,57","28,12",,"0,61",13,17,,
WAB0004441,"41,22","1,80","128,58","28,22",,"0,60",16,14,,
WAB0004458,"44,45",,"133,21","27,38",,"0,56",16,15,,
WAB0004462,"47,77",,"101,38","26,52","4,40","7,83",10,9,,
WAB0004485,"43,02",,"135,69","28,59",,"0,56",17,15,,
WAB0004490,"43,13","1,70","130,32","27,05","1,41","0,54",17,14,,
WAB0004491,"51,89",,"134,60","28,50","0,52","0,60",13,10,,
WAB0004493,"51,23",,"130,82","30,83",,"0,60",15,9,,
WAB0004497,"22,04","1,03","87,67","27,03","1,10","5,63",20,19,ACUTE TO ACCUMUNATE,ERECT
WAB0004504,"45,00","1,57","126,08","25,23",,,13,11,,
WAB0004529,"22,26","0,90","76,67","25,87","1,77","5,87",12,12,ACUTE TO ACCUMUNATE,ERECT
WAB0004548,"21,56","1,33","91,33","22,83","1,90","5,03",20,17,ACUTE TO ACCUMUNATE,ERECT
WAB0004550,"37,49","1,68","125,32","25,87",,,22,17,,
WAB0004557,"37,87","1,49","125,84","26,77",,"0,51",20,17,,
WAB0004573,"38,82","2,00","128,36","24,86",,"0,54",22,18,,
WAB0004577,"48,68","1,57","133,03",,,,13,10,,
WAB0004584,"36,38","1,80","111,33","24,19",,,24,15,,
WAB0004606,"41,71","1,30","120,50","30,61",,"0,58",15,15,,
WAB0004620,"45,03",,"123,73","23,18","2,24","0,55",19,14,,
WAB0004628,"44,26",,"119,57","29,00",,"0,52",16,6,,
WAB0004639,"22,78","1,17","78,00","25,17","1,13","5,57",16,16,ACUTE TO ACCUMUNATE,ERECT
WAB0004643,"39,04","1,59","137,39","26,59",,,9,6,,
WAB0004678,"25,28","1,33","80,33","23,17","1,73","5,40",18,17,ACUTE TO ACCUMUNATE,ERECT
WAB0004689,"19,64","0,93","57,33","18,97","1,50","4,87",12,12,ACUTE TO ACCUMUNATE,ERECT
WAB0004690,"40,52","1,83","136,52","27,17",,"2,70",13,12,,
WAB0004695,"41,36","1,23","107,67","25,17","3,07","5,50",10,8,CLEFT,ERECT
WAB0004698,"31,94","1,17","98,00","28,57","2,40","4,97",19,18,ACUTE TO ACCUMUNATE,ERECT
WAB0004724,"40,97","1,64","123,00","23,06",,"5,10",33,15,,
WAB0004730,"24,04","0,97","64,33","22,57","1,30","5,90",9,9,CLEFT,ERECT
WAB0004731,"45,09","2,27","116,55","29,54",,"4,70",39,19,,
WAB0004738,"32,08","1,07","63,67","27,10","2,20","5,57",10,9,CLEFT,ERECT
WAB0004743,"50,40","1,71","128,92","26,73",,"0,51",20,14,,
WAB0004744,"17,95","0,90","60,00","24,00","1,50","7,00",34,32,CLEFT,OPEN
WAB0004840,"28,42","1,47","94,00","30,37","2,00","6,17",16,15,ACUTE TO ACCUMUNATE,ERECT
WAB0004853,"48,86","2,13","134,00","32,69",,,17,12,,
WAB0004862,"51,78","1,80","133,80","29,09",,"0,58",19,15,,
WAB0004871,"44,72","1,97","172,82","29,12","1,58","7,11",16,13,,
WAB0004882,"37,75","2,07",,"28,27","1,50",,13,11,,
WAB0004923,"43,13","1,96","111,08","25,23",,"5,13",32,7,,
WAB0004935,"40,29","1,61","92,22","24,17",,,21,23,,
WAB0004947,"40,77","1,97","112,24","28,01",,"4,43",43,19,,
WAB0004965,"19,35","1,25","71,50","28,35","1,70","5,65",21,19,ACUTE TO ACCUMUNATE,ERECT
WAB0004994,"40,31","1,60","110,73","35,85",,"0,57",13,15,,
WAB0005002,"38,86","1,57","132,74","26,84","0,96","0,70",16,8,,
WAB0005040,"34,32","1,80","109,73","21,47",,,15,13,,
WAB0005046,"44,41","1,03","138,90","28,91","1,84","7,13",21,9,,
WAB0005074,"46,78","1,43","141,03","26,69","1,12","0,73",17,15,,
WAB0005078,"45,49",,"127,71","26,32","1,36","0,60",21,17,,
WAB0005095,"51,63","1,42","140,07","26,81",,,12,11,,
WAB0005128,"32,49","1,74","109,48","25,19",,,18,16,,
WAB0005162,"26,86","1,03","84,17","30,20","2,27","4,97",12,12,CLEFT,ERECT
WAB0005183,"28,36","0,87","105,00","26,63","1,17","5,13",16,14,CLEFT,ERECT
WAB0005185,"43,19","1,20","133,96","27,83",,"0,59",22,16,,
WAB0005189,"45,16",,"121,60","32,04",,,16,10,,
WAB0005197,"55,49","1,77","129,77","34,22",,"2,87",16,15,,
WAB0005199,"55,91","2,17","135,40","26,34",,,15,9,,
WAB0005219,"35,66","1,03","91,67","32,07","2,87","7,17",14,13,ACUTE TO ACCUMUNATE,ERECT
WAB0005238,"37,18","2,03","100,23","26,13",,"0,58",22,35,,
WAB0005469,"41,69","1,27","129,17","27,01",,"4,00",22,9,,
WAB0005497,"19,44","1,17","64,00","21,70","1,87","4,67",19,16,CLEFT,ERECT
WAB0005498,"19,55","1,00","84,00","29,20","1,70","6,00",37,30,CLEFT,ERECT
WAB0005505,"36,22","1,55","128,70","29,72",,"0,59",18,15,,
WAB0005509,"42,16",,"138,94","26,63",,"0,53",13,11,,
WAB0005524,"37,98","2,23","97,71","23,52",,,16,12,,
WAB0005637,"26,16","1,40","75,27","22,33","2,00","6,20",37,33,CLEFT,ERECT
WAB0005650,"31,58","1,07","91,67","25,33","1,40","8,43",6,6,ACUTE TO ACCUMUNATE,ERECT
WAB0005669,"49,90","1,73","136,98","28,47",,"0,52",20,15,,
WAB0005683,"46,17","1,80","126,27","25,08","0,53","0,55",12,12,,
WAB0005696,"26,16","1,40","79,33","23,27","1,93","4,97",44,41,ACUTE TO ACCUMUNATE,ERECT
WAB0005699,"25,64","1,59","107,37","23,79","2,04",,22,20,,
WAB0005708,"36,47","1,27","114,20","29,36",,"0,55",16,15,,
WAB0005807,"31,43","1,75","109,00","26,20","0,35","6,95",52,48,TIP ROUND OR TRUNCATE,INTERMEDIATE
WAB0005809,"48,58",,"113,34","25,51",,"0,54",20,16,,
WAB0005834,"28,98","1,00","92,00","29,87","2,97","7,67",11,10,ACUTE TO ACCUMUNATE,INTERMEDIATE
WAB0005836,"35,33","1,24","97,20","25,34",,,18,17,,
WAB0005847,"24,60","1,60","98,00","22,20","1,60","7,10",4,3,ACUTE TO ACCUMUNATE,ERECT
WAB0005868,"38,16",,"130,80","22,69","1,71","3,87",29,16,,
WAB0005869,"22,68","0,90","85,00","31,20","1,95","6,35",15,13,CLEFT,ERECT
WAB0005959,"48,79","1,40","147,67","26,91",,"0,54",21,15,,
WAB0006008,"45,96",,"114,26","28,30",,"0,53",17,20,,
WAB0006038,"34,47","1,83","113,57","25,51","1,17","2,40",21,18,,
WAB0006073,"49,98","1,75","128,00","28,53",,"0,51",15,10,,
WAB0006087,"31,47","1,66","96,17","28,20","1,93","0,58",34,32,,
WAB0012136,"37,47","1,42","135,83","31,02",,"0,52",21,14,,
WAB0006093,"33,76","1,67","121,67","27,40","1,63","8,77",13,11,ACUTE TO ACCUMUNATE,INTERMEDIATE
WAB0006107,"26,86","1,03","72,17","24,07","1,93","6,73",14,11,CLEFT,PROCUMBENT
WAB0006124,"38,94","1,70","127,37","30,83",,"0,50",27,24,,
WAB0006192,"15,75","0,80","63,00","24,10","1,50","6,60",41,30,CLEFT,OPEN
WAB0006241,"34,14","1,10","94,00","26,23","1,90","6,50",10,10,ACUTE TO ACCUMUNATE,ERECT
WAB0006308,"42,74","1,80","152,78","27,29",,"0,55",18,14,,
WAB0006639,"18,28","1,10","75,00","25,05","1,25","5,25",20,17,ACUTE TO ACCUMUNATE,ERECT
WAB0006643,"38,35","1,43","117,13","26,29",,,20,17,,
WAB0006646,"36,72","1,66","124,33","25,29",,,26,25,,
WAB0006730,"25,30","1,47","98,33","24,63","1,33","4,90",10,10,CLEFT,ERECT
WAB0006744,"47,79","1,54","138,16","32,08",,,11,10,,
WAB0006766,"61,92",,"132,23","30,90","2,33","8,16",10,8,,
WAB0006846,"51,61",,"142,97","27,12","0,55","0,70",21,16,,
WAB0006946,"30,94","1,20","108,00","26,97","1,37","7,83",11,7,CLEFT,ERECT
WAB0006964,"41,34","1,46","122,04","28,41","0,54","0,51",20,14,,
WAB0006988,"12,65","0,90","75,00","19,10","1,00","8,60",56,54,ACUTE TO ACCUMUNATE,ERECT
WAB0007035,"26,30","1,30","65,00","30,00","2,00","9,10",34,8,ACUTE TO ACCUMUNATE,OPEN
WAB0007113,"31,15","1,63","114,90","26,11",,,13,8,,
WAB0007157,"41,15","1,90","128,53","23,84",,"0,58",18,15,,
WAB0007160,"57,67","1,51","144,63","24,53","1,81","0,56",9,9,,
WAB0007179,"39,96","1,65","126,90","27,93",,,21,13,,
WAB0007182,"40,18","1,10","130,81","27,54",,"0,59",15,9,,
WAB0007187,"24,52","1,43","87,33","24,77","1,27","6,60",9,9,ACUTE TO ACCUMUNATE,ERECT
WAB0007211,"38,77","2,23","154,00","28,60",,,7,6,,
WAB0007229,"40,99","2,03","115,58","26,84",,,26,24,,
WAB0007240,"48,72","1,27","126,09","25,98",,,11,11,,
WAB0007245,"33,90","1,53","81,67","26,37","1,53","7,70",9,7,ACUTE TO ACCUMUNATE,ERECT
WAB0007250,"46,21","2,02","128,61","30,44",,,24,17,,
WAB0007285,"50,74","1,90","146,48","32,87",,"3,06",17,15,,
WAB0007318,"35,42","1,79","114,71","24,29",,,18,10,,
WAB0007380,"29,65","1,65","95,50","28,85","0,35","5,55",38,36,TIP ROUND OR TRUNCATE,INTERMEDIATE
WAB0007394,"23,28","1,50","87,00","20,85","1,45","5,40",15,13,CLEFT,ERECT
WAB0007397,"50,05","1,55","102,23","24,23","1,98","6,56",11,9,,
WAB0007400,"43,33","1,43","123,17","23,13",,,16,14,,
WAB0007404,"29,74","1,60","73,67","19,57","1,13","6,27",21,19,MIXTURE,ERECT
WAB0007431,"37,73","2,10","116,03","21,34",,"0,50",15,9,,
WAB0007438,"50,02","1,90","161,82","27,00","1,88","6,02",9,7,,
WAB0007457,"37,47","1,88","129,03","28,14",,,15,12,,
WAB0007458,"51,16","1,73","145,40","27,90",,"2,92",26,20,,
WAB0007511,"20,90","1,30","106,00","30,70","0,40","6,40",76,70,TIP ROUND OR TRUNCATE,INTERMEDIATE
WAB0007601,"27,92","1,50","95,17","25,27","1,20","7,57",4,4,MIXTURE,ERECT
WAB0007652,"37,84","1,73","119,33","30,00","1,60","6,97",8,7,ACUTE TO ACCUMUNATE,ERECT
WAB0007738,"40,27","1,73","139,22","28,58",,"0,53",8,8,,
WAB0007808,"33,55","1,62","94,05","24,27",,"4,00",29,10,,
WAB0007823,"49,16","1,93","126,18","26,93","2,21","0,58",17,15,,
WAB0007825,"42,64",,"122,90","28,92",,"0,55",13,11,,
WAB0007828,"58,04","1,90","142,34","26,50",,"3,98",17,14,,
WAB0007850,"33,65","1,70","130,41","26,53","1,28","0,64",15,10,,
WAB0007858,"23,24","1,07","84,67","24,97","1,60","5,10",28,19,CLEFT,ERECT
WAB0008010,"37,62","1,47","129,34","26,46","0,54","0,53",26,15,,
WAB0008018,"21,55","1,40","98,00","22,90","1,70","8,40",11,10,ACUTE TO ACCUMUNATE,INTERMEDIATE
WAB0008130,"16,58","0,77","63,00","25,27","1,60","6,40",14,13,CLEFT,ERECT
WAB0008147,"35,98","1,47","99,00","29,13","1,70","7,20",4,4,ACUTE TO ACCUMUNATE,ERECT
WAB0008240,"49,01",,"134,43","25,93",,,17,15,,
WAB0008245,"50,87","2,13","123,82","26,28",,,30,19,,
WAB0008307,"42,03","1,83","129,30","28,68",,"0,53",23,15,,
WAB0008359,"20,16","0,93","71,67","26,27","1,67","4,60",20,16,ACUTE TO ACCUMUNATE,ERECT
WAB0008416,"47,18",,"111,11","23,83",,,18,13,,
WAB0008547,"36,49","2,07","121,65","26,53",,,27,18,,
WAB0008659,"40,60",,"133,65","27,08",,"0,53",20,13,,
WAB0008667,"33,64","1,65","122,83","25,10",,"0,51",20,17,,
WAB0008773,"32,22","1,43","94,33","20,17","1,60","4,60",11,9,CLEFT,ERECT
WAB0008811,"52,48","1,90","129,05","28,28","0,50","0,52",10,10,,
WAB0009161,"47,46","1,97","112,56","29,60",,"0,51",15,23,,
WAB0009308,"39,60","1,63","126,03","23,55",,"0,52",23,19,,
WAB0009397,"41,01","1,53","116,27","27,70",,"0,61",15,12,,
WAB0009425,"15,10","1,10","73,50","25,10","1,60","4,80",36,30,CLEFT,ERECT
WAB0009430,"43,82","1,13","132,00","26,63","2,40","7,57",12,10,CLEFT,ERECT
WAB0009453,"41,48",,"134,62","23,44",,"0,56",17,13,,
WAB0009457,"19,82","0,93","77,67","19,53","1,67","4,77",5,4,ACUTE TO ACCUMUNATE,ERECT
WAB0009490,"24,05","0,10","98,00","31,50","0,40","7,30",96,37,TIP ROUND OR TRUNCATE,ERECT
WAB0009565,"27,40","1,40","118,00","24,87","1,33","6,50",9,9,CLEFT,ERECT
WAB0009567,"27,36","1,67","108,67","26,27","1,37","7,13",9,7,CLEFT,ERECT
WAB0009577,"28,86","1,70","99,67","25,63","1,30","7,53",5,5,CLEFT,ERECT
WAB0009623,"54,22","1,63","109,13","25,36","1,82","9,17",12,10,,
WAB0009625,"49,00","1,07","145,47","25,89","2,20","6,42",13,9,,
WAB0009636,"27,36","1,47","108,33","23,87","1,07","7,83",8,7,CLEFT,ERECT
WAB0009642,"95,06","1,33","87,67","23,10","1,23","7,93",4,3,CLEFT,ERECT
WAB0009656,"34,28","1,37","96,33","25,37","1,50","8,13",7,5,CLEFT,ERECT
WAB0009683,"47,78",,"129,00","24,62","2,23","2,87",19,10,,
WAB0009764,"41,33","1,53","133,54","35,73",,,19,18,,
WAB0009784,"30,92","1,97","94,33","22,97","2,00","7,27",16,14,ACUTE TO ACCUMUNATE,ERECT
WAB0010183,"36,93","1,73","120,39","28,94",,"0,60",19,12,,
WAB0009796,"39,09","1,13","107,08","26,32",,"4,07",34,10,,
WAB0009818,"47,93","1,42","127,50","26,80","0,60",,23,14,,
WAB0009898,"41,70",,"138,07","23,48","0,63","0,53",22,12,,
WAB0009974,"44,47","1,90","126,57","27,46",,"0,50",15,15,,
WAB0016530,"36,35",,"119,56","25,34",,"0,57",20,14,,
WAB0010045,"32,81",,"98,87","27,00",,"3,80",32,11,,
WAB0010112,"22,30","1,00","93,00","27,60","2,70","7,80",40,30,ACUTE TO ACCUMUNATE,INTERMEDIATE
WAB0010151,"36,22","2,04","124,25","28,46",,"3,47",27,9,,
WAB0010218,"36,80","1,70","131,78","23,55",,,27,22,,
WAB0010496,"31,16","1,13","96,00","24,33","1,47","6,93",10,10,CLEFT,ERECT
WAB0010615,"27,95","1,60","101,00","24,80","0,40","4,70",77,72,TIP ROUND OR TRUNCATE,ERECT
WAB0010684,"38,05","1,55","95,53","27,14","0,52",,14,21,,
WAB0031587,"39,28","1,73","135,13","22,45",,"3,11",14,13,,
WAB0010745,"35,41","1,18","110,33","24,46",,,16,14,,
WAB0010784,"39,60","1,76","129,83","29,22",,,26,24,,
WAB0010886,"43,31",,"122,73","26,98","1,06",,14,13,,
WAB0011035,"34,03",,"111,92","30,52",,,25,20,,
WAB0011295,"37,33","1,40","123,53","25,43",,,10,8,,
WAB0011378,"38,85",,"140,67","23,92",,,21,16,,
WAB0011426,"37,98","1,17","125,50","27,00","1,87","6,57",25,20,CLEFT,ERECT
WAB0011458,"29,68","1,27","118,00","25,90","1,70","7,90",12,11,ACUTE TO ACCUMUNATE,ERECT
WAB0011467,"35,94",,"119,16","28,10",,"0,53",20,18,,
WAB0011471,"40,97",,"120,63","23,46","0,53",,16,14,,
WAB0011483,"41,53","1,72","149,55",,,"0,50",16,12,,
WAB0011495,"38,88","1,43","125,01","27,19",,"0,53",19,16,,
WAB0011902,"50,50","1,87","123,96","28,44","1,79","0,67",12,7,,
WAB0011979,"36,27","1,87","118,71","23,51",,,18,15,,
WAB0012080,"40,95","1,73","121,01","25,63",,"0,52",27,5,,
WAB0012081,"40,38",,"113,23","24,79","1,68","5,70",9,7,,
WAB0012101,"31,79","1,72","105,72","22,20",,"0,53",16,8,,
WAB0012110,"35,24","1,40","104,67","27,17","1,47","6,70",7,5,CLEFT,ERECT
WAB0012145,"41,09","2,03","128,31","29,21","2,03","3,21",15,11,,
WAB0012361,"40,29","2,04","132,33","24,60",,"0,56",20,17,,
WAB0012373,"41,41","1,73","114,99","20,80",,"0,56",28,7,,
WAB0012382,"17,70","1,00","58,00","21,27","1,80","4,27",13,12,CLEFT,ERECT
WAB0012389,"27,74","1,50","91,67","27,10","1,20","9,47",3,3,ACUTE TO ACCUMUNATE,ERECT
WAB0012497,"24,92","0,80","117,67","27,07","1,83","5,57",12,10,ACUTE TO ACCUMUNATE,ERECT
WAB0012541,"23,82","1,20","84,67","28,07","1,30","6,93",13,12,CLEFT,ERECT
WAB0012557,"44,26",,"130,34","30,63",,"0,61",18,16,,
WAB0012561,"37,74","1,17","118,00","27,50","2,10","6,37",14,10,ACUTE TO ACCUMUNATE,ERECT
WAB0012562,"19,70","0,80","90,50","26,90","1,55","4,65",26,15,CLEFT,ERECT
WAB0012575,"41,94","1,97","137,99","28,18","1,58",,10,8,,
WAB0012593,"40,39","1,61","130,66","27,10","0,50","0,57",18,15,,
WAB0012595,"30,20","1,00","97,33","31,97","2,00","4,80",22,21,ACUTE TO ACCUMUNATE,ERECT
WAB0012600,"18,08","1,00","82,17","22,93","1,53","4,70",9,9,CLEFT,ERECT
WAB0012617,"26,08","1,07","77,00","28,20","1,83","5,97",12,9,CLEFT,ERECT
WAB0012757,"42,12","1,34","124,65","30,73",,"0,64",21,18,,
WAB0012758,"31,08","1,27","85,33","27,67","1,33","6,77",18,16,ACUTE TO ACCUMUNATE,ERECT
WAB0012759,"28,90","1,30","85,33","26,60","1,97","7,20",15,14,ACUTE TO ACCUMUNATE,ERECT
WAB0012767,"46,67",,"172,43","29,36",,,12,10,,
WAB0012818,"32,58",,"111,39","26,07",,"0,52",15,8,,
WAB0013005,"41,64",,"114,48","28,29",,"0,55",16,12,,
WAB0013018,"37,83","2,15","140,07","29,56",,,14,13,,
WAB0013104,"38,20","1,73","118,29","23,74",,"0,55",22,14,,
WAB0013135,"46,80","1,67","170,67","22,17","2,57","6,59",8,8,,
WAB0013196,"40,96","1,42","118,67","24,21",,"0,60",27,25,,
WAB0013197,"44,79","1,10","136,81","27,68",,,34,27,,
WAB0013218,"49,07","1,70","139,97","29,74","2,24","0,51",16,8,,
WAB0013222,"49,90",,"163,23","26,06","2,32","4,73",9,8,,
WAB0013251,"25,04","1,43","83,50","28,13","1,27","7,43",16,16,CLEFT,ERECT
WAB0013267,"42,18","1,17","102,62","26,77",,,21,21,,
WAB0013294,"31,84","1,53","101,33","25,17","1,30","6,67",9,8,CLEFT,ERECT
WAB0013368,"22,58","0,73","76,33","24,30","1,50","5,37",16,16,ACUTE TO ACCUMUNATE,ERECT
WAB0013380,"24,76","1,30","97,33","26,23","1,73","5,80",19,17,MIXTURE,ERECT
WAB0013455,"46,91","1,50","93,40","25,96","1,99","6,17",11,10,,
WAB0013476,"33,54","1,57","113,00","21,23","1,50","6,13",11,9,ACUTE TO ACCUMUNATE,ERECT
WAB0013508,"28,26","1,33","82,00","27,03","1,90","5,70",22,20,MIXTURE,ERECT
WAB0013518,"31,04","1,30","82,00","25,00","2,17","6,03",19,17,ACUTE TO ACCUMUNATE,ERECT
WAB0013535,"16,95","0,80","67,00","24,50","1,40","5,60",30,28,CLEFT,INTERMEDIATE
WAB0013553,"36,90","1,71","148,60","31,84",,"0,64",21,17,,
WAB0013569,"39,62","1,80","111,22","23,00",,"0,51",26,23,,
WAB0013579,"51,04","1,40","134,83","33,98",,"0,51",15,12,,
WAB0013583,"36,94","1,17","135,33","29,67","2,07","6,37",17,14,CLEFT,ERECT
WAB0013587,"30,12","1,17","135,00","24,90","1,57","6,13",18,14,MIXTURE,ERECT
WAB0013592,"35,84","1,20","128,00","28,20","1,73","6,03",15,14,ACUTE TO ACCUMUNATE,ERECT
WAB0013597,"37,68","1,00","127,67","28,87","1,80","5,77",14,12,ACUTE TO ACCUMUNATE,ERECT
WAB0013598,"51,34",,"166,56","23,11",,,16,14,,
WAB0013608,"30,84","0,90","118,00","29,07","1,60","5,73",15,12,MIXTURE,ERECT
WAB0013614,"43,12","1,33","154,00","28,53","2,70","7,40",13,10,ACUTE TO ACCUMUNATE,ERECT
WAB0013621,"29,38","1,00","137,00","24,67","1,67","5,57",20,17,ACUTE TO ACCUMUNATE,ERECT
WAB0013642,"25,05","1,10","109,00","24,10","2,00","6,40",35,20,CLEFT,ERECT
WAB0013647,"42,90","1,60","135,96","26,63",,"0,56",14,11,,
WAB0013649,"37,26","1,17","148,33","32,13","2,13","5,47",15,13,MIXTURE,ERECT
WAB0013659,"26,12","0,87","106,00","27,03","1,93","5,37",12,11,ACUTE TO ACCUMUNATE,ERECT
WAB0013660,"30,42","1,10","84,67","33,03","2,37","5,83",20,19,CLEFT,ERECT
WAB0013661,"27,50","0,83","124,67","28,03","1,33","6,83",18,16,ACUTE TO ACCUMUNATE,ERECT
WAB0013662,"41,53",,"132,97","24,82",,,24,17,,
WAB0013663,"35,86","1,17","118,00","31,30","2,13","6,00",13,12,ACUTE TO ACCUMUNATE,ERECT
WAB0013664,"38,74","1,69","107,88","27,27","0,51","0,63",32,21,,
WAB0013666,"28,66","0,83","98,67","26,30","2,23","6,53",11,8,MIXTURE,ERECT
WAB0013671,"35,70","1,07","135,00","30,40","2,60","7,13",11,10,CLEFT,ERECT
WAB0013673,"28,76","0,67","119,00","31,10","2,57","6,83",8,8,MIXTURE,ERECT
WAB0013691,"25,68","0,87","126,00","28,60","1,23","5,47",11,8,ACUTE TO ACCUMUNATE,ERECT
WAB0013704,"39,45",,"168,35","26,13","1,80","6,43",7,5,,
WAB0013707,"35,79","1,67","118,28","20,73",,,30,19,,
WAB0013711,"49,86","1,91","136,48","25,98","1,08","0,60",19,15,,
WAB0013713,"43,91",,"124,91","30,10","2,32","0,59",20,15,,
WAB0013715,"29,48","0,73","101,17","25,17","1,87","4,73",11,8,ACUTE TO ACCUMUNATE,ERECT
WAB0013717,"39,52","1,30","146,67","29,97","2,83","6,10",14,11,MIXTURE,ERECT
WAB0013718,"35,61",,"120,62","25,00",,"4,07",27,9,,
WAB0013719,"35,65","2,05","127,42","27,20",,,27,20,,
WAB0013725,"31,76","1,20","133,33","26,57","1,80","5,53",14,11,ACUTE TO ACCUMUNATE,ERECT
WAB0013727,"26,52","1,00","110,00","26,40","2,00","6,90",6,5,ACUTE TO ACCUMUNATE,ERECT
WAB0013825,"36,90","1,35","157,33","29,31",,,10,7,,
WAB0013831,"35,17","1,43","111,47","25,29",,"4,67",31,8,,
WAB0014127,"41,50","1,89","146,22","26,14",,"0,53",16,13,,
WAB0015228,"26,96","1,00","73,33","23,17","1,33","5,50",11,10,ACUTE TO ACCUMUNATE,ERECT
WAB0015283,"57,64","1,20","136,05","33,37",,"0,52",24,18,,
WAB0015326,"45,06","1,90","128,76","26,97",,"0,53",15,14,,
WAB0015416,"43,29","1,43","138,38","24,60",,"0,54",27,18,,
WAB0015428,"34,94","1,65","105,77","21,27",,,14,16,,
WAB0015443,"40,88","1,38","123,99","27,73",,,16,16,,
WAB0015445,"39,78","1,70","111,41","29,97",,"4,43",33,9,,
WAB0015461,"39,96","1,33","115,58","25,48",,"0,53",16,12,,
WAB0015475,"40,51","1,83","135,19","26,87",,"3,30",21,20,,
WAB0015545,"56,31",,"129,58","28,97",,,18,14,,
WAB0015589,"46,07","1,80","144,88","26,93","1,52","0,52",13,13,,
WAB0015590,"42,99","1,66","121,51","35,69",,"0,57",16,13,,
WAB0015629,"22,64","1,10","74,33","22,70","1,63","6,77",11,8,CLEFT,ERECT
WAB0015695,"31,66","1,52","105,69","25,12",,"4,57",36,14,,
WAB0015711,"18,65","1,20","79,00","19,20","2,10","5,00",20,19,CLEFT,ERECT
WAB0015781,"15,96","0,90","80,33","24,17","1,23","5,30",8,8,ACUTE TO ACCUMUNATE,ERECT
WAB0015896,"37,83",,"102,18","26,61",,,12,7,,
WAB0015935,"44,93","1,45","160,30","28,14","1,93","6,87",12,11,,
WAB0015966,"22,00","0,97","68,00","24,07","1,93","5,77",15,14,ACUTE TO ACCUMUNATE,ERECT
WAB0016010,"21,54","0,90","75,33","24,77","1,97","5,40",12,12,,ERECT
WAB0016014,"43,39","1,47","117,65","29,49",,"4,23",24,11,,
WAB0016031,"45,37",,"140,97","33,18",,,16,12,,
WAB0016047,"45,10","2,00","126,31","28,58",,"0,64",21,18,,
WAB0016125,"37,61","1,44","114,57","22,61",,,23,22,,
WAB0016185,"42,17","2,20","108,58","23,70",,"3,83",50,29,,
WAB0016209,"41,47","1,32","113,58","25,48",,"0,55",18,12,,
WAB0016227,"36,24","1,40","118,09","25,91",,,22,16,,
WAB0016229,"44,57","1,64","111,64","27,98",,,12,18,,
wab0016238,"29,80","1,72","112,94","24,47",,,12,7,,
WAB0016245,"35,28","1,62","115,29","24,44",,"0,56",38,27,,
WAB0016255,"43,11",,"136,30","23,12",,,13,12,,
WAB0016263,"42,12","1,86","120,89","23,70","0,60","0,60",21,19,,
WAB0016273,"42,02","1,57","93,78","29,67",,"4,63",29,9,,
WAB0016291,"42,77","1,92","141,06","25,02",,"0,55",36,22,,
WAB0016295,"18,10","1,10","85,00","26,60","1,80","6,90",50,47,ACUTE TO ACCUMUNATE,ERECT
WAB0016308,"42,50","1,50","145,77","26,00",,,8,8,,
WAB0016311,"49,33","1,97","98,24","23,90","2,03","5,37",12,10,,
WAB0016312,"19,65","1,15","78,50","25,30","1,55","7,00",24,20,ACUTE TO ACCUMUNATE,ERECT
WAB0016316,"41,51","1,53","125,66","27,90",,,18,13,,
WAB0016327,"35,95","1,60","112,73","21,61",,"0,50",17,9,,
WAB0016420,"40,30","1,87","111,07","28,69",,,16,15,,
WAB0016428,"36,47",,"129,13","21,08",,,23,16,,
WAB0006228,"46,13","1,37","107,19","25,87",,"0,56",21,16,,
WAB0016430,"27,30","0,53","84,17","30,13","1,27","6,00",6,4,CLEFT,OPEN
WAB0016435,,"1,50","163,20",,,,11,9,,
WAB0016442,"37,54","1,70","128,96","29,38",,"0,52",18,7,,
WAB0016466,"30,82","1,50","103,00","25,97","1,63","5,97",8,6,ACUTE TO ACCUMUNATE,ERECT
WAB0016467,"24,98","1,30","96,00","25,23","1,40","7,43",10,7,CLEFT,ERECT
WAB0016468,"24,35","1,10","80,00","30,10","2,20","6,90",61,52,CLEFT,ERECT
WAB0016470,"35,89","1,57","124,31","24,78",,,22,17,,
WAB0016475,"29,30","1,60","125,67","26,67","1,43","6,73",6,5,CLEFT,ERECT
WAB0016476,"34,54","1,37","111,83","22,68",,,,,,
WAB0016480,"36,10","1,70","105,67","27,53","0,40","5,17",46,38,TIP ROUND OR TRUNCATE,ERECT
WAB0016496,"36,96","1,53","127,67","26,70","1,63","6,97",12,10,CLEFT,ERECT
WAB0016575,"49,67","1,81","167,58","29,84","2,70",,,,,
WAB0016645,"45,58","1,60","137,33","27,74",,"0,69",17,13,,
WAB0016664,"36,52","1,27","124,33","28,63","2,27","7,73",10,8,ACUTE TO ACCUMUNATE,ERECT
WAB0016665,"25,72","0,80","93,67","26,10","2,13","5,83",15,12,,
WAB0016668,"43,36","1,60","130,67","32,30","1,90","6,20",8,6,CLEFT,ERECT
WAB0016680,"41,29","1,82","131,92","23,89",,,21,13,,
WAB0016685,"36,31","1,76","113,54","25,36","0,71",,29,23,,
WAB0016688,"30,28","1,07","98,33","21,20","1,43","5,57",9,8,ACUTE TO ACCUMUNATE,ERECT
WAB0016715,"26,80","0,83","88,67","22,37","1,47","4,77",14,11,MIXTURE,ERECT
WAB0016716,"52,16",,"137,04","26,60",,"0,59",19,17,,
WAB0016723,"44,27","1,90","129,84","29,17",,,23,20,,
WAB0016737,"49,08","1,93","142,84","25,66",,,28,17,,
WAB0016744,"31,98",,"113,44","31,80",,"0,56",17,12,,
WAB0016748,"37,66","1,70","117,47","26,11",,"3,08",16,10,,
WAB0016752,"42,58","1,73","159,67","28,70","2,23","5,67",15,13,CLEFT,ERECT
WAB0016762,"59,12","1,68","111,32","20,25","1,86","6,23",11,9,,
WAB0016770,"38,18","1,75","124,00","25,64",,"0,51",20,16,,
WAB0016784,"39,82","1,53","122,20","27,57","2,97","5,17",14,12,ACUTE TO ACCUMUNATE,ERECT
WAB0016790,"28,75","1,84","98,60","22,72",,"0,53",14,16,,
WAB0016794,"37,05",,"154,27","26,09",,,9,8,,
WAB0016801,"22,20","1,03","75,00","27,43","1,83","6,23",17,16,CLEFT,ERECT
WAB0016804,"51,29",,"134,47","28,19",,"0,56",16,14,,
WAB0016814,"38,54","1,70","128,67","29,01","2,91","3,83",22,16,,
WAB0016828,"55,04","1,93","132,57","25,43","1,68",,20,19,,
WAB0016832,"38,78","1,53","112,93","27,81",,,25,23,,
WAB0016833,"40,86","2,07","100,15","24,50",,,13,17,,
WAB0016837,"36,02","1,92","132,75","23,88",,"0,56",17,13,,
WAB0016838,"44,46","1,60","139,54","33,54",,"0,57",26,21,,
WAB0016848,"37,85",,"108,53","28,88",,,18,14,,
WAB0016890,"38,20","1,53","121,52","26,68",,,17,13,,
WAB0016938,"40,41","2,20","138,23","29,45",,,14,13,,
WAB0016955,"32,37","1,27","118,63","27,10",,,21,15,,
WAB0016971,"22,75","1,00","70,00","23,60","1,90","6,60",45,23,ACUTE TO ACCUMUNATE,ERECT
WAB0016973,"23,86","0,83","82,67","23,03","1,23","5,50",13,11,ACUTE TO ACCUMUNATE,ERECT
WAB0016975,"35,52","1,57","104,83","19,13",,"0,59",13,13,,
WAB0016981,"42,79","1,67","122,38","22,43","0,84","0,54",21,8,,
WAB0016982,"26,78","1,17","103,17","32,87","1,63","6,73",10,7,CLEFT,ERECT
WAB0016984,"58,50","1,50","117,60","27,38","1,41","5,47",25,11,,
WAB0016985,"49,20","1,90","124,92","26,30",,,16,12,,
WAB0016986,"42,42","1,40","156,34","34,93","1,73",,19,16,,
WAB0016987,"44,03","2,27","129,16","30,48",,"0,51",14,9,,
WAB0016989,"38,86","1,77","119,61","31,63","0,58","0,59",32,29,,
WAB0016990,"45,30","1,84","121,32","23,58",,"0,55",13,15,,
WAB0016991,"42,42","1,60","104,96","26,39",,"3,97",35,9,,
WAB0016992,"39,26","2,20","112,27","24,15",,,17,15,,
WAB0016997,"30,06","1,30","85,67","25,67","1,10","6,00",19,19,CLEFT,ERECT
WAB0017019,"41,64","1,73","130,51","33,83",,"0,50",16,15,,
WAB0017023,"47,83","1,13","123,45","27,46",,"0,55",18,15,,
WAB0017025,"20,42","0,73","87,00","20,73","1,37","6,27",10,5,ACUTE TO ACCUMUNATE,ERECT
WAB0017026,"36,30","1,57","142,00","26,27","1,87","7,57",9,9,CLEFT,ERECT
WAB0017031,"26,42","1,33","89,00","22,20","1,07","6,67",7,7,MIXTURE,ERECT
WAB0017033,"23,25","0,95","90,00","27,75","1,90","6,20",21,19,ACUTE TO ACCUMUNATE,INTERMEDIATE
WAB0017034,"25,72","0,80","93,67","26,10","2,13","5,83",15,12,ACUTE TO ACCUMUNATE,ERECT
WAB0017037,"44,60","1,33","127,67","29,03","2,80","7,73",16,13,CLEFT,ERECT
WAB0017038,"45,29","1,53","138,58","26,07",,"3,28",17,12,,
WAB0017039,"33,06","1,17","121,67","30,17","2,30","6,40",13,9,MIXTURE,ERECT
WAB0017053,"35,10",,"69,06","28,48",,"5,14",16,,,
WAB0017055,"29,82","1,10","84,67","25,97","1,20","5,10",10,9,CLEFT,ERECT
WAB0017059,"21,92","0,93","71,50","22,20","1,53","6,70",8,8,ACUTE TO ACCUMUNATE,ERECT
WAB0017073,"40,10","1,71","141,66","25,95",,"0,54",18,13,,
WAB0017083,"41,36",,"120,40","24,12",,"3,97",39,8,,
WAB0017085,"39,32",,"127,82","28,91",,,22,20,,
WAB0017094,"46,90","1,47","136,70","26,32","0,53","0,55",11,11,,
WAB0017096,"23,82","1,47","82,67","27,80","0,30","7,57",13,10,TIP ROUND OR TRUNCATE,OPEN
WAB0017099,"33,95",,,"31,65","1,23",,11,9,,
WAB0017103,"51,49","1,83","131,63","28,69",,"0,50",16,13,,
WAB0017106,"64,05","1,67","144,42","27,56",,"0,56",22,19,,
WAB0017108,"51,67","1,60","112,71","33,80",,"0,69",16,27,,
WAB0017109,"38,23",,"128,50","25,21",,"0,56",19,17,,
WAB0017112,"45,02",,"128,96","26,90",,"0,59",16,14,,
WAB0017114,"36,66","1,77","122,91","28,69",,,14,13,,
WAB0017119,"23,26","1,00","75,33","27,17","1,33","4,67",14,13,ACUTE TO ACCUMUNATE,ERECT
WAB0017127,"43,48","1,57","117,56","30,10","0,88","2,03",20,19,,
WAB0017128,"35,87",,"142,18","28,28","1,16",,18,16,,
WAB0017129,"38,18","1,91","107,75","25,03",,"3,53",36,23,,
WAB0017130,"38,10","1,37","145,02","30,70",,,11,7,,
WAB0017132,"38,89","1,43","123,45","27,08",,"0,53",23,26,,
WAB0017137,"36,43",,"120,72","25,33",,"0,50",9,7,,
WAB0017138,"29,51","1,27","120,00","29,29","0,54",,29,21,,
WAB0017139,"46,02","1,94","120,66","33,93",,"0,51",23,18,,
WAB0017140,"39,38","1,52","128,00","31,26",,,19,17,,
WAB0017142,"31,96","1,03","115,33","25,00","1,67","4,87",12,11,ACUTE TO ACCUMUNATE,ERECT
WAB0017144,"20,36","1,00","69,67","26,67","1,00","5,00",14,13,ACUTE TO ACCUMUNATE,ERECT
WAB0017147,"31,98","4,07","143,67","22,00","1,67","5,37",10,9,ACUTE TO ACCUMUNATE,ERECT
WAB0017154,"21,92","0,93","71,50","22,20","1,53","6,70",8,8,,
WAB0017194,"20,15","0,90","80,00","19,10","1,50","5,10",6,4,ACUTE TO ACCUMUNATE,ERECT
WAB0017198,"45,84","1,80","142,98","28,44",,"0,57",20,10,,
WAB0017274,"24,62","1,20","91,33","28,47","1,70","6,53",22,21,CLEFT,ERECT
WAB0017278,"32,60","1,23","124,00","28,60","2,07","7,97",20,17,CLEFT,INTERMEDIATE
WAB0017304,"51,87","1,73","155,78","24,64",,,17,7,,
WAB0017602,"45,84","1,10","142,82","33,11",,"0,63",15,13,,
WAB0017617,"46,05","1,73","161,52","24,32","1,53","6,21",12,10,,
WAB0017644,"30,80","1,10","92,67","27,60","1,87","5,57",14,14,ACUTE TO ACCUMUNATE,ERECT
WAB0017648,"40,13","1,17","161,40","24,80","2,20","0,61",17,17,,
WAB0017666,"31,75","1,20","122,00","30,60","2,20","6,80",58,35,CLEFT,ERECT
WAB0017674,"46,63","1,72","110,58","26,23",,"0,62",11,10,,
WAB0017710,"33,10","1,23","105,00","26,87","2,20","5,30",10,10,ACUTE TO ACCUMUNATE,ERECT
WAB0017719,"38,62","1,53","123,00","25,70","2,00","5,83",19,17,ACUTE TO ACCUMUNATE,ERECT
WAB0017728,"33,80","1,71","123,29","29,94",,,17,13,,
WAB0017730,"47,98","1,64","126,13","22,72",,,16,8,,
WAB0017743,"61,24","2,00","144,18","31,29",,"0,57",23,21,,
WAB0017773,"37,36","1,47","124,72","26,14",,"0,56",26,19,,
WAB0017793,"43,84","1,67","152,20","27,24",,"0,55",21,17,,
WAB0017805,"40,28",,"134,51","27,48",,,21,15,,
WAB0017843,"37,50","1,97","118,31","26,27",,"0,60",23,17,,
WAB0017856,"40,75","2,01","110,29","30,14",,"0,59",11,19,,
WAB0017863,"62,04","1,83","111,22","27,11","2,18","7,83",12,10,,
WAB0017881,"37,55","1,33","131,55","27,65",,"0,61",14,13,,
WAB0017901,"42,45","1,20","128,87","29,67",,"0,53",15,13,,
wab0018062,"36,97","1,65","117,67","25,27",,,19,17,,
WAB0018249,"39,00",,"113,22","24,24",,,9,8,,
WAB0018268,,"1,41","129,37","29,47",,,7,6,,
WAB0018275,"26,88","1,27","81,33","23,77","1,43","6,30",18,17,CLEFT,ERECT
WAB0018276,"42,47","1,81","118,73","27,29",,"2,37",23,20,,
WAB0018285,"23,44","0,80","72,33","23,40","1,83","4,80",18,18,ACUTE TO ACCUMUNATE,INTERMEDIATE
WAB0018286,"39,53","1,83","115,21","23,28","0,60",,15,13,,
WAB0018290,"33,32","1,17","97,00","29,47","2,13","6,87",11,11,ACUTE TO ACCUMUNATE,ERECT
WAB0018304,"42,50",,"141,72","28,58","0,80","2,92",17,15,,
WAB0018324,"21,24","1,23","91,67","24,57","1,40","6,23",8,8,ACUTE TO ACCUMUNATE,ERECT
WAB0018358,"53,59","2,00","140,16","30,43",,,22,12,,
WAB0018409,"34,46","1,53","106,67","25,77","2,00","7,70",8,6,MIXTURE,ERECT
WAB0018451,"22,92","1,03","78,33","28,17","1,63","5,53",13,11,ACUTE TO ACCUMUNATE,ERECT
WAB0018482,"53,00","1,57","136,04","22,92","2,13","0,63",9,9,,
WAB0018487,"27,98","1,17","85,67","34,67","0,23","5,70",15,8,TIP ROUND OR TRUNCATE,INTERMEDIATE
WAB0018488,"42,45",,"147,44","16,80",,,18,14,,
WAB0018508,"19,65","1,60","89,00","26,00","1,20","9,00",12,10,CLEFT,INTERMEDIATE
WAB0018539,"16,46","0,67","53,33","22,13","0,87","4,93",14,14,ACUTE TO ACCUMUNATE,ERECT
WAB0018548,"42,78","1,43","118,02","22,20","1,05","0,57",17,20,,
WAB0018810,"35,82","1,73","110,13","22,37",,"0,52",25,25,,
WAB0018849,"38,56","1,85","77,29","33,81","1,73","4,37",11,10,,
WAB0018898,"38,17","2,00","118,69","28,62",,,20,14,,
WAB0018942,"51,82","2,08","147,40","30,03",,"0,58",15,13,,
WAB0018978,"33,04","1,48","83,05","29,08",,"3,43",26,8,,
WAB0018998,"38,46","1,30","114,78","28,44",,"2,97",38,10,,
WAB0019296,"32,34","1,47","106,13","23,22",,,23,19,,
WAB0019297,"42,86","1,30","119,49","22,86",,,32,24,,
WAB0019298,"33,60","1,40","96,00","32,87","1,77","7,33",22,18,CLEFT,ERECT
WAB0019304,"31,83","1,61","105,93","26,53","0,50","0,53",34,16,,
WAB0019305,"35,02","1,73","110,99","34,23",,"0,53",15,14,,
WAB0019306,"36,92","1,23","122,15","31,10","0,81","0,57",16,15,,
WAB0019308,"42,54","1,66","133,13","28,41","0,51",,24,17,,
WAB0019336,"40,19",,"121,57","29,98",,"3,09",21,15,,
WAB0019339,"35,45","1,37","114,74","26,90",,,15,14,,
WAB0019349,"46,01","2,00","128,19","27,71",,,22,20,,
WAB0019364,"26,48","1,47","104,33","23,50","1,70","6,27",9,9,CLEFT,ERECT
WAB0019399,"25,24","0,93","81,00","22,77","1,37","6,30",15,13,ACUTE TO ACCUMUNATE,INTERMEDIATE
WAB0019447,"44,46","1,55","118,40","30,52",,"0,57",14,13,,
WAB0019481,"26,45","1,30","100,00","30,00","1,50","6,30",72,53,CLEFT,ERECT
WAB0019494,"50,46",,"133,84","30,68",,"4,70",37,14,,
WAB0019495,"54,83","1,89","136,85","24,97","1,78",,26,15,,
WAB0019502,"42,04","1,53","126,87","25,39",,"0,55",14,13,,
WAB0019525,"46,58","1,61","129,90","26,49","0,60",,33,24,,
WAB0019526,"41,82",,"123,24","26,33",,"4,50",30,10,,
WAB0019544,"41,63","1,87","133,02","26,89",,"5,63",37,15,,
WAB0019564,"38,89","1,50","110,05","19,58","1,20",,24,15,,
WAB0019607,"53,01","1,35","108,21","22,70","1,90","5,93",9,7,,
WAB0019788,"26,66","1,50","96,00","26,23","0,97","6,27",7,6,CLEFT,ERECT
WAB0019799,"48,69",,"124,39","25,13",,,18,15,,
WAB0019800,"37,12","1,00","106,00","30,13","1,57","6,47",11,10,CLEFT,ERECT
WAB0019806,"43,48","1,42","120,37","25,75",,"2,58",19,17,,
WAB0019820,"47,38",,"137,78","25,92",,,15,14,,
WAB0019822,"23,08","1,20","92,67","28,70","1,53","7,13",27,25,ACUTE TO ACCUMUNATE,OPEN
WAB0019835,"39,12","1,62","109,34","26,47",,"4,13",34,10,,
WAB0019855,"33,62","1,43","95,00","30,27","1,97","6,40",8,7,MIXTURE,ERECT
WAB0019858,"36,73","1,70","127,25","29,88",,,22,19,,
WAB0019869,"22,86","0,93","73,33","25,77","1,40","4,97",10,9,CLEFT,ERECT
WAB0019871,"30,72","1,43","105,67","24,43","1,40","7,30",10,9,ACUTE TO ACCUMUNATE,ERECT
WAB0019900,"32,36",,"111,67","26,28",,"2,58",19,18,,
WAB0019906,"28,10","1,37","93,00","26,97","1,37","8,93",14,12,ACUTE TO ACCUMUNATE,ERECT
WAB0019918,"49,16","1,37","122,67","31,07","2,83","8,10",11,9,CLEFT,ERECT
WAB0019919,"38,56","1,07","108,67","28,87","2,07","6,57",27,18,MIXTURE,INTERMEDIATE
WAB0019927,"35,86","1,03","125,67","29,93","1,63","6,97",12,11,CLEFT,INTERMEDIATE
WAB0019938,"44,58",,"127,62",,,,15,9,,
WAB0019939,"33,80","1,60","84,00","33,50","2,40","7,40",33,24,ACUTE TO ACCUMUNATE,ERECT
WAB0019941,"51,12","1,43","128,53","28,47",,"0,52",22,18,,
WAB0019944,"23,20","1,40","91,00","27,70","1,50","6,80",15,15,ACUTE TO ACCUMUNATE,ERECT
WAB0019946,"35,54","1,58","125,08","24,86",,"0,58",18,16,,
WAB0019948,"31,67","1,43","102,00","23,50",,,,,,
WAB0019952,"40,17","1,66","134,42","28,87",,"0,52",13,10,,
WAB0019953,"37,78","1,20","122,33","27,50","2,57","6,23",13,12,CLEFT,ERECT
WAB0019954,"34,80",,"129,43","29,07","1,50",,19,15,,
WAB0019956,"52,25","1,70","177,77","23,68","2,07","6,59",7,6,,
WAB0019963,"41,26",,"128,13","29,51",,"0,50",17,13,,
WAB0019976,"35,40","1,70","109,93","23,63",,,61,25,,
WAB0019979,"37,14","1,40","104,71","24,01",,"0,59",18,14,,
WAB0033111,"37,90","1,57","141,72","25,85","1,85","0,69",15,15,,
WAB0019986,"31,22","1,30","110,67","24,27","1,90","4,93",12,12,ACUTE TO ACCUMUNATE,ERECT
WAB0019996,"29,16","0,77","109,00","29,27","2,53","5,57",8,7,ACUTE TO ACCUMUNATE,ERECT
WAB0019998,"37,97","2,04","125,47","22,32","0,57",,17,13,,
WAB0020003,"53,56","1,53","125,78","31,30",,,22,10,,
WAB0020030,"46,33","1,90","121,44","26,77","1,22","0,53",18,16,,
WAB0020031,"21,20","0,53","84,00","18,83","1,50","3,83",23,22,MIXTURE,ERECT
WAB0020036,"34,98","1,47","109,33","31,03","1,97","7,67",6,4,ACUTE TO ACCUMUNATE,ERECT
WAB0020053,"33,66","2,00","139,31","34,49",,"0,65",17,10,,
WAB0020054,"40,54","1,40","115,40","32,53",,"3,67",36,10,,
WAB0020218,"37,07","2,34","126,70","26,78",,"0,56",33,29,,
WAB0020228,"58,69","1,47","138,84","23,57",,"0,55",19,17,,
WAB0020252,"44,94","1,33","146,00","27,74","1,59","4,42",16,13,,
WAB0020270,"39,42","1,70","111,77","25,53","1,63","8,50",7,7,CLEFT,ERECT
WAB0020289,"23,05","1,20","98,00","28,00","2,50","6,40",45,45,ACUTE TO ACCUMUNATE,ERECT
WAB0020296,"38,57","1,47","127,29","26,64",,"0,84",13,8,,
WAB0020298,"50,55","1,54","149,86","26,00",,"3,40",19,15,,
WAB0020300,"28,34","1,43","101,00","24,73","0,97","6,53",6,5,MIXTURE,ERECT
WAB0020349,"46,44",,"136,88","27,44","0,83","3,78",19,13,,
WAB0020365,"35,06","1,67","116,67","26,90","1,73","6,60",8,6,ACUTE TO ACCUMUNATE,ERECT
WAB0020376,"37,66","1,77","134,17","28,21","1,31","7,37",15,8,,
WAB0020377,"43,67","1,49","135,00","27,57","1,97","5,13",11,10,,
WAB0020382,"42,09","2,00","149,23","30,09","1,27","6,20",24,12,,
WAB0020386,"25,34","1,23","90,33","23,77","1,60",,4,3,CLEFT,ERECT
WAB0020388,"41,66","1,75","135,20","23,83",,"3,11",21,19,,
WAB0020393,"31,80","1,85","118,50","28,00","1,55","9,35",10,9,CLEFT,ERECT
WAB0020431,"39,58","1,61","114,80","28,50",,"0,51",15,11,,
WAB0020448,"39,66","1,83","125,68","23,93",,"0,63",11,10,,
WAB0020551,"41,34","1,10","130,61","27,67",,"0,57",15,14,,
WAB0020555,"16,10","1,10","52,00","24,60","1,60","6,90",60,50,ACUTE TO ACCUMUNATE,ERECT
WAB0020641,"39,44",,"121,38","29,43",,,16,11,,
WAB0020740,"31,71","1,68","120,52","21,84",,"0,52",20,17,,
WAB0020908,"18,00","1,20","92,00","20,00","2,10","5,70",30,35,ACUTE TO ACCUMUNATE,ERECT
WAB0020926,"27,17","1,50",,"26,77",,,29,28,,
WAB0020977,"46,25",,"123,03","27,10","0,56","0,56",17,10,,
WAB0022354,"53,22","1,45","135,10","30,48","0,63","0,50",12,10,,
WAB0022371,"39,51","1,77","123,89","32,20",,"4,33",33,12,,
WAB0022373,"36,00","1,73","126,67","28,03","1,67","6,93",8,7,CLEFT,ERECT
WAB0022378,"36,86","1,07","126,00","27,47","2,30","7,23",19,17,ACUTE TO ACCUMUNATE,ERECT
WAB0022384,"40,29","1,96","125,20","30,80",,"0,51",20,17,,
WAB0022414,"32,06","0,93","129,00","29,03","1,53","2,90",23,21,ACUTE TO ACCUMUNATE,MIXTURE
WAB0022415,"20,58","1,15","77,00","26,05","1,70","6,90",45,42,CLEFT,OPEN
WAB0022426,"34,06","1,62","101,98","31,24",,"4,30",43,17,,
WAB0022430,"39,86","2,23","142,18","27,59",,"0,61",22,18,,
WAB0022444,"37,64","1,41","139,87","30,50",,"0,56",27,20,,
WAB0022455,"29,42","1,67","113,67","25,90","0,93","6,20",8,7,CLEFT,ERECT
WAB0022469,"35,98","1,70","118,67","26,17","1,50","7,27",5,5,ACUTE TO ACCUMUNATE,ERECT
WAB0022481,"22,60","1,20","93,67","20,93","0,70","8,00",5,4,CLEFT,ERECT
WAB0022484,"42,56","1,47","96,50","23,82",,"3,77",53,9,,
WAB0022501,"44,41","1,67","127,71","28,50",,"0,62",15,10,,
WAB0022503,"26,88","1,73","107,67","19,47","0,70","6,77",17,15,TIP ROUND OR TRUNCATE,ERECT
WAB0022509,"39,39","2,00","124,81","31,34",,"4,13",31,16,,
WAB0022520,"40,58","2,10","100,43","24,66",,"3,70",44,13,,
WAB0022530,"38,89","1,53","117,88","28,33",,"3,83",45,13,,
WAB0022532,"40,56","2,03","105,87","27,39",,"0,52",15,15,,
WAB0022537,"33,10","1,50","121,67","26,63","0,93","8,37",9,8,ACUTE TO ACCUMUNATE,ERECT
WAB0022542,"49,26","1,74","142,40","31,34",,,20,17,,
WAB0022550,"47,00","1,63","135,20","27,05","2,24","0,63",12,11,,
WAB0022553,"29,20","1,65","118,50","28,45","2,30","5,90",8,6,CLEFT,ERECT
WAB0022591,"41,92","1,87","120,86","24,95",,,19,11,,
WAB0022595,"34,00","1,55","128,50","33,35","2,00","6,90",25,23,ACUTE TO ACCUMUNATE,ERECT
WAB0022596,"35,02","1,37","115,67","24,73","1,93","5,77",6,6,MIXTURE,ERECT
WAB0022619,"41,65",,"101,66","27,88",,"0,55",14,25,,
WAB0022631,"49,93","1,77","132,90","27,69","0,93","0,63",10,7,,
WAB0022688,"25,10","1,60","97,33","24,57","1,13","7,73",8,6,CLEFT,INTERMEDIATE
WAB0022693,"35,50","1,60",,"19,03",,,16,14,,
WAB0022696,"25,70","1,40","112,00","24,30","1,20","9,60",9,9,ACUTE TO ACCUMUNATE,ERECT
WAB0022722,"38,39","1,74","121,46","23,34","0,70","4,80",19,11,,
WAB0022780,"28,04","1,47","88,33","25,73","1,70","6,50",9,8,ACUTE TO ACCUMUNATE,ERECT
WAB0022781,"43,90",,"151,47","28,21","1,57","5,91",12,10,,
WAB0022783,"41,92","1,53","139,70","25,16","1,75","0,50",16,14,,
WAB0022847,"42,82","1,71","147,57","27,07",,,27,17,,
WAB0022886,"37,11","2,33","136,86","24,20",,"0,58",18,14,,
WAB0022936,"31,56","1,67","111,67","29,07","1,37","6,63",11,9,ACUTE TO ACCUMUNATE,ERECT
WAB0022947,"44,22","1,90","112,66","26,05",,"5,53",23,9,,
WAB0022974,"28,72","1,43","109,43","27,43","1,73",,5,5,CLEFT,ERECT
WAB0023040,"43,45","1,77","115,52","25,35",,"3,70",36,15,,
WAB0023093,"35,36","1,57","107,67","28,80","1,67","7,20",7,5,ACUTE TO ACCUMUNATE,ERECT
WAB0023103,"47,10","1,97","103,35","25,40","1,81","6,10",11,8,,
WAB0023121,"45,57","2,03","130,70","27,52",,"0,55",24,19,,
WAB0023134,"34,97","1,90","124,52","28,64",,"5,45",21,17,,
WAB0023142,"24,24","1,23","92,33","21,17","1,00","6,77",6,6,CLEFT,ERECT
WAB0023224,"44,71","1,03","126,06","24,81",,,21,18,,
WAB0023241,"31,50","1,07","106,33","26,93","2,53","5,73",14,12,CLEFT,ERECT
WAB0023263,"46,81","1,80","142,82","26,15",,"0,66",17,15,,
wab0023308,"23,70","1,10","83,00","23,70","2,20","5,87",10,9,ACUTE TO ACCUMUNATE,ERECT
WAB0023310,"50,48","1,52","138,68","24,80","2,04","0,58",18,15,,
WAB0023320,"29,60","1,57","98,33","28,80","2,03","5,53",17,17,MIXTURE,ERECT
WAB0023330,"34,50","1,67","115,47","25,83",,,17,10,,
WAB0023333,"47,44","1,47","137,85","30,46","2,64","3,26",15,14,,
WAB0023338,"36,26","1,50","120,18","25,29",,,16,13,,
WAB0023342,"33,91","1,20","126,47","23,98",,"0,54",30,22,,
WAB0023465,"43,63","1,72","104,91","24,41",,"0,59",21,29,,
WAB0023528,"32,62",,"90,62","21,46",,"3,93",43,18,,
WAB0023594,"49,01","1,44","149,75","20,77",,"2,82",19,16,,
WAB0023602,"33,30","1,73","79,50","22,40","1,40","8,10",9,9,CLEFT,ERECT
WAB0023672,"44,23","1,39","122,65","26,93","0,56","0,65",20,14,,
WAB0023679,"38,98","1,70","114,13","24,97",,"4,83",27,13,,
WAB0023691,"23,70","0,93","62,33","21,17","1,47","5,23",18,16,CLEFT,ERECT
WAB0023998,"33,60",,"118,40","27,94",,,16,12,,
WAB0024020,"44,12",,"134,47","28,49",,"0,50",13,12,,
WAB0024050,"51,26","1,81","128,73","25,78","1,98","3,36",12,9,,
WAB0024462,"21,32","0,93","62,67","24,27","1,67","5,37",12,12,MIXTURE,ERECT
WAB0024605,"46,57","2,33","145,75","25,43",,,10,9,,
WAB0024939,"24,30","1,37","73,67","23,60","1,83","6,10",16,14,CLEFT,ERECT
WAB0025022,"36,10","1,99","128,94","23,67",,,23,18,,
WAB0025621,"35,46",,"120,39","23,14",,,46,43,,
WAB0026859,"65,60",,"116,87","29,46",,,17,16,,
WAB0026869,"52,52","1,72","122,95","29,40","2,28","0,66",16,14,,
WAB0026911,"36,62","1,34","133,41","26,80",,"0,54",19,12,,
WAB0026922,"40,47","1,45","141,53","26,06",,"0,64",14,11,,
WAB0026966,"20,64","0,77","84,33","21,07","1,33","2,93",13,13,MIXTURE,ERECT
WAB0026998,"58,43",,"117,33","24,49","1,67","6,03",,,,
WAB0027012,"45,51","1,53","136,72","30,60",,,28,18,,
WAB0027028,"22,96","1,57","88,33","24,83","1,80","5,27",12,11,ACUTE TO ACCUMUNATE,INTERMEDIATE
WAB0027036,"42,20","1,70","142,83","26,84",,,22,12,,
WAB0027154,"54,20","1,27","147,67","24,75","2,14","0,57",20,18,,
WAB0027190,"37,78","1,57","114,27","26,23","5,69","6,32",12,11,,
WAB0027202,"37,26","1,67","126,97","27,06",,"0,51",18,15,,
WAB0029718,"62,93","2,00","148,65","31,93","1,35","0,65",17,14,,
WAB0030271,"26,90","1,20","78,67","23,90","1,30","5,43",13,11,ACUTE TO ACCUMUNATE,ERECT
WAB0030454,"48,69","1,28","133,24","27,73",,"0,55",19,17,,
WAB0030554,"49,31","1,53","124,47","26,68","1,05","0,83",25,15,,
WAB0030591,"34,28","1,10","100,17","30,50","2,43","6,37",12,10,ACUTE TO ACCUMUNATE,ERECT
WAB0030596,"58,13","2,03","166,37","26,37","2,13","5,47",14,11,,
WAB0030599,"23,48","1,10","77,67","28,07","1,43","7,67",21,17,CLEFT,ERECT
WAB0030613,"26,19","1,54","127,32","30,02","1,23",,12,10,,
WAB0030630,"34,83","1,97","128,04","32,91",,"6,71",18,12,,
WAB0030644,"31,66","1,10","97,33","29,67","1,40","7,03",11,7,ACUTE TO ACCUMUNATE,ERECT
WAB0030660,"42,44","1,26","97,80","28,73",,"3,43",24,15,,
WAB0030683,"23,20","0,90","77,17","22,80","1,27","9,30",4,3,CLEFT,ERECT
WAB0030702,"39,48","1,37","85,83","29,03","6,83","8,57",6,5,ACUTE TO ACCUMUNATE,ERECT
WAB0030712,"41,04","1,82","126,30","29,91",,"0,51",16,14,,
WAB0030713,"47,88","2,01","135,02","25,52",,,25,13,,
WAB0030724,"37,66","2,00","115,30","25,54",,"0,69",25,13,,
WAB0030725,"42,58","1,72","140,48","29,58",,"0,53",22,20,,
WAB0030729,"24,40","0,90","94,00","31,50","1,80","7,10",10,8,ACUTE TO ACCUMUNATE,ERECT
WAB0030751,"43,89","2,47","134,03","31,12","0,53","0,52",21,15,,
WAB0030752,"43,21","1,55","130,60","25,27",,"0,58",31,26,,
WAB0030766,"42,30","1,57","123,23","24,40","1,63","5,90",12,8,,
WAB0030775,"44,63","1,83","140,01","30,04",,"3,02",20,18,,
WAB0030797,"39,38","1,43","125,91","27,98",,"0,52",23,22,,
WAB0030840,"29,58","1,30","122,00","26,15","2,25","8,40",45,44,ACUTE TO ACCUMUNATE,ERECT
WAB0030843,"34,68","1,93","101,67","24,93","0,33","5,87",33,31,TIP ROUND OR TRUNCATE,INTERMEDIATE
WAB0030870,"34,22","1,33","113,67","27,50","1,33","6,77",9,8,ACUTE TO ACCUMUNATE,ERECT
WAB0030872,"32,20","1,27","107,67","25,43","1,30","5,73",8,7,CLEFT,ERECT
WAB0030897,"22,72","1,00","83,00","19,50","1,27","5,33",4,3,CLEFT,ERECT
WAB0030943,"43,07","1,47","113,54","27,18",,"0,59",9,14,,
WAB0030949,"58,05","1,34","98,40","28,09","2,40","6,60",7,6,,
WAB0030968,"29,60","2,17","108,38","29,16",,"0,58",20,17,,
WAB0030970,"38,45","1,63","122,78","25,01",,,14,9,,
WAB0031012,"44,73","1,27",,"19,67",,,25,25,,
WAB0031021,"39,27","2,10","94,15","22,39",,,11,14,,
WAB0031023,"24,96","1,40","91,67","25,33","1,27","8,63",2,2,CLEFT,INTERMEDIATE
WAB0031024,"23,94","1,07","115,17","27,07","1,43","5,43",18,17,ACUTE TO ACCUMUNATE,OPEN
WAB0031026,"38,79","1,33","130,54","26,62",,"0,60",14,9,,
WAB0031041,"35,22",,"80,95","27,48",,"3,80",35,12,,
WAB0031082,"24,94","1,37","104,00","24,97","0,23","4,97",29,18,TIP ROUND OR TRUNCATE,INTERMEDIATE
WAB0031115,"31,69","1,43","113,83","28,97",,"0,65",14,9,,
WAB0031145,"39,83","1,32","128,21","22,67","0,50","0,56",19,15,,
WAB0031161,"36,07","1,66","117,02","28,92",,,13,10,,
WAB0023311,"18,65","1,20","75,00","28,10","0,30","4,30",54,26,TIP ROUND OR TRUNCATE,INTERMEDIATE
WAB0016497,"32,58","1,35","99,00","38,40","0,30","7,15",45,28,CLEFT,INTERMEDIATE
WAB0031170,"37,47","1,71","122,00","32,25",,"0,53",19,18,,
WAB0031172,"40,58","1,54","115,23","30,07",,"0,53",17,11,,
WAB0031174,"25,10","1,10","75,00","23,50","2,70","5,60",24,19,CLEFT,ERECT
WAB0031175,"40,00","1,74","100,07","26,63",,"4,50",33,7,,
WAB0031179,"36,53","1,55","110,37","28,56",,"0,58",21,17,,
WAB0031186,"37,50","1,67","128,20","24,13",,"0,61",13,12,,
WAB0031200,"41,28","1,92","142,95","27,48","1,71","0,55",17,15,,
WAB0031202,"30,60","1,54","131,33","24,68","0,87",,11,10,,
WAB0031211,"53,00","2,23","138,75","25,13",,,12,12,,
WAB0031214,"40,50","1,52","111,84","22,40",,"0,54",16,23,,
WAB0031218,"41,96","1,50","137,19","29,08",,,16,15,,
WAB0031226,"50,50","1,83","123,65","27,13",,"2,42",21,15,,
WAB0031227,"39,79","1,53","138,53","30,62",,"0,52",21,17,,
WAB0031232,"28,36","1,10","92,67","23,27","1,83","6,30",11,10,CLEFT,ERECT
WAB0031233,"54,12",,"144,51","30,28",,"0,65",28,24,,
WAB0031235,"47,56",,"91,09","29,14","2,19","5,93",10,9,,
WAB0031255,"40,18","1,39","171,73","27,35","1,78","6,30",9,8,,
WAB0031259,"51,57","2,03","97,90","23,91","1,21","5,57",39,20,,
WAB0031270,"39,60","1,59","175,00","28,68","1,78","5,11",9,8,,
WAB0031304,"41,67","1,47","147,20","25,93",,,14,11,,
WAB0031309,"32,54","1,97","114,42","25,17",,"0,54",23,15,,
WAB0031315,"21,60","1,33","72,67","25,70","0,20","5,33",13,11,TIP ROUND OR TRUNCATE,INTERMEDIATE
WAB0031323,"36,20","1,87","137,15","27,68",,,10,9,,
WAB0031376,"45,23","2,33","143,22","32,07",,"0,70",14,12,,
WAB0031435,"24,60","1,00","84,00","23,50","1,70","6,60",54,43,ACUTE TO ACCUMUNATE,ERECT
WAB0031443,"27,13","1,98","87,36","22,87",,"3,53",38,12,,
WAB0031448,"21,83","1,05","65,00","27,10","1,30","6,20",27,23,CLEFT,ERECT
WAB0031488,"35,24","2,01","100,90","26,96",,,21,18,,
WAB0031506,"43,19","1,78","120,60","26,51",,"0,56",19,15,,
WAB0031511,"20,15","1,10","64,00","27,60","1,60","3,90",37,27,ACUTE TO ACCUMUNATE,ERECT
WAB0031541,"43,47","1,40","134,37","24,50","2,13","5,18",10,9,,
WAB0031552,"37,93","1,60","135,74","26,85",,,22,19,,
WAB0031553,"47,07",,"87,83","25,37","1,57","5,50",8,7,,
WAB0031554,"38,93","1,97","111,14","22,67",,"0,51",22,7,,
WAB0022364,"32,47","1,55","121,00","25,51",,,11,9,,
WAB0031555,"28,50",,"155,33","29,24",,,10,8,,
WAB0031558,"26,22","1,43","99,67","24,30","0,47","5,17",14,13,TIP ROUND OR TRUNCATE,ERECT
WAB0031559,"51,76","2,20","123,00","23,13","0,50",,9,13,,
WAB0031564,"33,85",,"111,76","23,00",,"4,00",37,22,,
WAB0031566,"46,01","1,96","134,83","25,23",,"0,52",15,12,,
WAB0031567,"34,08","1,24","126,03","29,97","2,19","7,23",19,12,,
WAB0031568,"34,59",,"101,51","23,49",,"0,65",12,10,,
WAB0031571,"36,89","1,80","127,80","25,53",,"0,52",14,12,,
WAB0031575,"37,55","1,40","141,07","26,46",,,19,12,,
WAB0031584,"27,90","1,67","101,33","26,03","1,20","8,10",7,4,ACUTE TO ACCUMUNATE,ERECT
WAB0031594,"27,68","1,10","108,33","25,37","1,73","5,50",12,9,CLEFT,ERECT
WAB0031605,"44,08",,"109,14","29,29",,,17,32,,
WAB0031607,"45,39","1,56","118,65","28,23","0,68","7,97",19,10,,
WAB0031612,"27,20","1,40","98,33","29,00","2,03","5,93",18,17,ACUTE TO ACCUMUNATE,ERECT
WAB0031630,"39,60","1,65","84,60","25,69",,"6,28",23,,,
WAB0031635,,"1,85","142,10","27,70",,,12,9,,
WAB0031641,"39,66","1,19","130,80","31,65",,,17,10,,
WAB0031645,"25,86","1,23","87,83","27,07","3,30",,6,5,CLEFT,ERECT
WAB0031651,"24,96","0,97","91,00","26,33","1,20","8,43",3,3,CLEFT,ERECT
WAB0031665,"40,97","1,82","105,70","28,93",,"0,54",16,16,,
WAB0031667,"32,39",,"116,74","25,16",,,16,13,,
WAB0031669,"51,46","1,58","108,09","23,39","2,16","6,30",15,14,,
WAB0031677,"38,92","1,60","124,73","26,44",,,55,53,,
WAB0031679,"42,24","2,15","113,43","27,16",,"0,72",16,9,,
WAB0031683,"45,98",,"129,21","27,28",,,24,21,,
WAB0031686,"34,78","1,63","130,22","25,73",,"2,69",18,17,,
WAB0031687,"32,70","1,60","122,62","26,88","0,55",,20,16,,
WAB0031690,"16,90","0,80","56,83","17,03","0,70","6,20",2,2,ACUTE TO ACCUMUNATE,ERECT
WAB0031710,"32,92","1,73","99,32","25,76",,,12,21,,
WAB0031801,"42,71","1,90","105,84","24,89",,"4,80",40,15,,
WAB0031815,"39,00",,"121,62","30,18",,,11,9,,
WAB0031823,"22,22","1,00","81,00","28,17","2,00","6,60",15,13,CLEFT,INTERMEDIATE
WAB0031836,"44,08","2,00","94,07","24,77","1,58","5,80",11,9,,
WAB0031839,"22,50","1,17","79,70","25,03","0,27","5,23",12,11,ACUTE TO ACCUMUNATE,ERECT
WAB0031843,"58,11","1,28","144,24","26,76","0,51","0,57",14,13,,
WAB0031845,"33,02","1,47","118,00","28,87","2,00","6,63",16,15,CLEFT,ERECT
WAB0031846,"40,95",,"124,83","27,70",,,17,15,,
WAB0031848,"39,76","1,60","106,00","23,43","1,77","6,37",17,14,CLEFT,ERECT
WAB0031851,"35,61","1,73","122,01","29,72",,"0,55",15,13,,
WAB0031853,"40,35","1,71","132,10","27,13",,"0,56",21,14,,
WAB0031857,"28,05","1,57","100,44","21,82",,"0,50",11,10,,
WAB0031863,"31,06","1,77","99,67","23,50","0,90","6,27",18,15,MIXTURE,MIXTURE
WAB0031873,"48,74","1,73","148,56","28,64",,,21,15,,
WAB0031877,"25,28","1,40","115,50","23,55","1,55","7,10",20,17,ACUTE TO ACCUMUNATE,INTERMEDIATE
WAB0031882,"54,03","1,43","131,02","27,80",,,16,13,,
WAB0031883,"17,94","1,10","83,00","15,30","1,00","5,40",6,6,ACUTE TO ACCUMUNATE,ERECT
WAB0031886,"42,83","2,20","142,96","30,59","0,52","0,55",40,31,,
WAB0031892,"45,42","1,27","84,72","24,10","1,63","7,13",9,7,,
WAB0031894,"40,13","1,52","133,67","23,77",,"0,51",15,13,,
WAB0031899,"34,50","1,57","92,33","25,93","1,93","8,07",9,7,ACUTE TO ACCUMUNATE,ERECT
WAB0031913,"39,06","2,13","125,00","28,97","1,67","7,10",9,8,CLEFT,ERECT
WAB0031914,"33,68","1,83","122,33","27,73","1,67","8,43",5,5,CLEFT,ERECT
WAB0031915,,"2,13","139,80",,,,14,11,,
WAB0031917,"36,43","1,60","99,16","23,29",,"4,30",53,,,
WAB0031920,"50,08","1,87","133,93","25,79",,,23,17,,
WAB0031927,"46,32","2,02","135,02","21,81",,,35,28,,
WAB0031968,"42,83","1,53","138,66","31,83",,"0,62",17,13,,
WAB0031975,"10,15","0,90","71,50","22,45","1,45","6,15",4,2,CLEFT,ERECT
WAB0031983,"41,33","1,63","117,34","28,56",,"2,47",14,15,,
WAB0031992,"33,28","1,73","125,34","26,65",,"0,52",22,14,,
WAB0031993,"56,03","1,66","147,60","29,50","1,72","6,63",21,11,,
WAB0031994,,"1,61","173,90",,,,14,11,,
WAB0032014,"39,18","1,47","127,00","26,70","1,63","8,30",6,5,ACUTE TO ACCUMUNATE,ERECT
WAB0032017,"39,08","1,72","143,20","27,24","1,47","5,73",11,10,,
WAB0032025,"28,14","1,37","98,83","22,47","1,90","6,67",14,8,CLEFT,ERECT
WAB0032061,"28,74","2,53","92,67","28,57","1,93","8,03",15,13,CLEFT,ERECT
WAB0032083,"41,10","1,43","124,50","25,50",,"0,53",15,15,,
WAB0032603,"25,74","1,27","81,00","23,73","1,73","6,20",17,14,CLEFT,ERECT
WAB0032906,"48,27","1,73","143,13","22,53","2,03","5,96",15,6,,
WAB0032932,"33,96","1,75","110,28","26,23",,"0,61",20,15,,
WAB0032980,"23,76","1,20","78,17","27,50","1,27","6,67",7,6,CLEFT,ERECT
WAB0033021,"31,98","1,40","115,00","29,27","1,10","7,20",11,11,CLEFT,ERECT
WAB0033022,"36,43","1,80","113,83","25,00",,,20,13,,
WAB0033042,"45,18","1,77","129,10","25,34",,"0,61",16,12,,
WAB0033076,"36,17","2,10","104,97","25,05","0,52",,16,11,,
WAB0033082,"23,30","1,30","104,50","24,30","1,10","7,60",10,9,CLEFT,ERECT
WAB0033084,"34,74","1,77","125,72","25,46",,,22,15,,
WAB0033087,"30,76","0,90","101,17","27,63","2,03","6,90",12,10,CLEFT,ERECT
WAB0033092,"42,62","1,97","120,15","26,47",,,14,13,,
WAB0033096,"45,24",,"115,74",,"0,54",,23,19,,
WAB0033099,"28,60","1,75","113,00","27,55","1,50","7,95",34,30,ACUTE TO ACCUMUNATE,INTERMEDIATE
WAB0033101,"33,66","1,59","117,31","29,40",,,18,15,,
WAB0033109,"34,99","1,78","131,84","24,73",,"0,60",26,25,,
WAB0033129,"38,25","1,23","121,60","24,36",,"0,55",15,11,,
WAB0033146,"18,54","1,07","72,33","27,50","1,20","5,10",10,9,ACUTE TO ACCUMUNATE,ERECT
WAB0033149,"42,74","1,40","112,14","26,18",,,13,11,,
WAB0033154,"34,18","1,60","110,83","28,48",,,23,18,,
WAB0033169,"41,08","1,78","113,98","23,02",,"4,20",50,20,,
WAB0033180,"80,58","1,33","86,00","22,63","1,63","5,47",14,15,ACUTE TO ACCUMUNATE,ERECT
WAB0033190,"38,43","1,50","122,37","25,31",,"0,55",26,15,,
wab0033194,"46,51","1,79","129,54","22,94",,,30,25,,
WAB0033211,"23,98","1,13","74,50","27,97","1,57","7,53",16,13,CLEFT,ERECT
WAB0033212,"43,43","1,59","128,13","29,66","0,54",,16,12,,
WAB0033214,"31,70","1,33","91,00","30,13","2,07","7,50",9,8,CLEFT,ERECT
WAB0033218,"29,02","1,50","96,67","27,20","1,20","4,27",16,15,CLEFT,ERECT
WAB0033225,"30,46","1,43","134,33","26,60","1,63","6,00",15,13,CLEFT,ERECT
WAB0033227,"40,48","1,00","150,73","32,20",,"0,59",13,12,,
WAB0033228,"27,80","1,10","88,67","23,57","1,77","5,83",19,17,ACUTE TO ACCUMUNATE,ERECT
WAB0033237,"34,20","0,97","105,00","31,97","2,33","8,73",17,14,CLEFT,ERECT
WAB0033239,"20,76","1,23","66,67","23,23","1,43","4,60",18,17,CLEFT,ERECT
WAB0033240,"44,44",,"131,38","23,97","0,52","0,52",35,29,,
WAB0033272,"28,96","1,53","118,00","27,80","1,13","4,87",23,16,ACUTE TO ACCUMUNATE,ERECT
WAB0033304,"28,00","2,13","113,95","25,33",,,7,6,,
WAB0033307,"19,66","0,80","71,67","26,60","1,10","4,97",14,14,ACUTE TO ACCUMUNATE,ERECT
WAB0033311,"22,10","1,23","70,00","26,47","2,27","6,20",10,8,MIXTURE,ERECT
WAB0033313,"21,04","1,07","81,67","23,27","1,80","5,10",15,13,ACUTE TO ACCUMUNATE,ERECT
WAB0033340,"45,43","2,47","156,20","26,54",,"0,65",22,15,,
WAB0033353,"28,30","0,93","94,67","25,67","1,57","6,10",17,16,ACUTE TO ACCUMUNATE,ERECT
WAB0033359,"20,52","1,27","63,67","24,83","1,73","5,33",40,35,CLEFT,ERECT
WAB0033380,"45,53","1,97","118,43","27,78",,"4,00",37,12,,
WAB0033384,"36,53","1,50","120,01","23,49",,"0,54",15,11,,
WAB0033417,"26,10","1,33","77,33","26,10","1,20","6,00",22,20,MIXTURE,ERECT
WAB0033424,"30,28","1,20","129,33","28,70","1,37","5,43",12,8,ACUTE TO ACCUMUNATE,ERECT
WAB0033426,"42,30","1,50","145,00","28,83","3,57","7,43",13,9,ACUTE TO ACCUMUNATE,ERECT
WAB0033434,"36,90","1,42","128,57","29,81",,,12,10,,
WAB0033461,"44,20",,"119,61","23,69","1,07","0,53",19,6,,
WAB0033490,"28,80","2,10","114,00","28,90","1,80","6,80",21,17,ACUTE TO ACCUMUNATE,ERECT
WAB0033492,"49,55","1,64","146,23","19,38",,"0,52",15,11,,
WAB0033519,"37,91","1,90","114,35","24,64",,"0,53",27,23,,
WAB0033529,"34,39","1,60","128,64","24,64","0,64","0,56",34,20,,
WAB0033533,"39,66","1,79","116,27","25,00",,,18,15,,
WAB0033536,"30,72","0,70","107,00","27,70","1,67","4,60",14,14,ACUTE TO ACCUMUNATE,ERECT
WAB0033557,"24,54","0,87","69,67","25,50","1,23","5,30",13,12,CLEFT,ERECT
WAB0033561,"39,48",,"134,89","19,40",,"0,53",15,12,,
WAB0033565,"43,46","2,03","145,84","28,32",,,16,12,,
WAB0033567,"36,59","2,00","89,44","22,14","2,14","5,50",12,11,,
WAB0033586,"36,95",,"118,11","26,50",,,15,9,,
WAB0033587,"42,88",,"118,24","23,67",,"3,87",40,13,,
WAB0033597,"25,16","1,20","83,00","27,33","1,63","5,97",16,15,ACUTE TO ACCUMUNATE,ERECT
WAB0033610,"38,36","1,83","122,01","32,57",,,18,17,,
WAB0033611,"63,73",,"188,53","26,28","1,93","6,95",11,6,,
WAB0033612,"22,10","1,20","81,00","30,60","1,60","7,90",45,43,ACUTE TO ACCUMUNATE,INTERMEDIATE
WAB0010085,"27,35","1,20","114,00","27,50","2,00","8,20",22,19,CLEFT,INTERMEDIATE
WAB0033617,"45,34","1,97","140,47","29,48","0,56","0,56",14,9,,
WAB0033629,"35,42",,"121,11","30,70",,"0,61",12,14,,
WAB0033637,"39,22","1,75","138,63","26,08","1,30","6,54",11,10,,
WAB0033661,"23,28","1,03","84,00","26,03","0,47","4,97",22,18,TIP ROUND OR TRUNCATE,ERECT
WAB0033673,"37,35","2,27","123,88","27,37",,"0,60",24,18,,
WAB0033679,"38,07","1,39","138,70","29,86",,"0,53",19,13,,
WAB0033721,"36,34","1,51","124,04","23,95",,,30,20,,
WAB0033722,,"1,69","161,93","27,46",,,9,8,,
WAB0033743,"35,31","1,73","100,39","29,34",,"0,53",12,8,,
WAB0033749,"34,71",,"131,18","25,66",,"0,62",33,31,,
WAB0033754,"23,86","0,70","71,67","21,33","1,20","5,17",10,6,CLEFT,ERECT
WAB0033759,"24,30","1,41","80,79","24,47","4,82","5,24",20,17,,
WAB0033789,"29,24","1,50","111,67","24,90","0,80","8,40",8,8,ACUTE TO ACCUMUNATE,ERECT
WAB0033844,"35,36","1,85","120,59","26,19",,"0,50",18,13,,
WAB0033864,"25,14","1,33","90,33","29,23","1,27","5,33",11,11,CLEFT,INTERMEDIATE
WAB0033868,"28,08","1,10","99,50","28,35","2,75","7,30",54,39,,
WAB0033873,"42,05","1,50","121,62","22,75",,"0,62",24,14,,
WAB0033904,"55,09","1,97","146,40","26,78","1,26","0,58",18,17,,
WAB0033944,"22,20","1,10","74,00","29,30","2,10","6,70",30,26,ACUTE TO ACCUMUNATE,ERECT
WAB0033984,"28,68","1,60","101,67","27,57","1,87","5,90",13,11,CLEFT,ERECT
WAB0033990,"39,85","1,50","110,72","23,05","0,50","0,58",19,19,,
WAB0033999,"45,02","1,71","140,42","24,13",,"0,60",14,12,,
WAB0034000,"35,77","1,85","121,19","25,82",,"0,50",12,12,,
WAB0034036,"17,74","0,97","63,00","22,57","1,63","4,80",14,12,ACUTE TO ACCUMUNATE,ERECT
WAB0034039,"36,00","1,75","119,29","24,27",,"0,51",18,12,,
WAB0034042,"23,38","1,10","81,67","27,07","1,83","6,60",13,12,ACUTE TO ACCUMUNATE,ERECT
WAB0034068,"44,67","1,74","128,01","25,24",,"0,52",15,14,,
WAB0034071,"47,00","1,33","157,00","34,23","4,07","7,20",26,23,CLEFT,INTERMEDIATE
WAB0034072,"15,65","0,80","76,00","25,50","1,30","6,40",20,19,CLEFT,ERECT
WAB0033063,"24,26","0,87","69,83","28,47","1,83","8,53",15,15,MIXTURE,OPEN
WAB0034109,"45,74","1,43","115,62","26,38",,"0,58",13,24,,
WAB0034112,"31,54","1,23","109,33","28,63","2,17","6,47",31,26,ACUTE TO ACCUMUNATE,ERECT
WAB0034116,"24,06","1,13","81,33","27,40","1,93","5,80",17,17,ACUTE TO ACCUMUNATE,ERECT
WAB0034124,"32,41","1,14","143,80","25,37",,,9,6,,
WAB0034138,"83,44","1,40","90,50","23,87","1,17","6,47",9,9,CLEFT,ERECT
WAB0034150,"39,74","1,77","103,55","30,19",,"0,51",13,18,,
WAB0034151,"18,64","1,03","68,67","26,03","1,37","5,20",17,16,CLEFT,ERECT
WAB0034153,"33,22","1,69","129,43","26,06",,"0,52",20,15,,
WAB0034178,"33,82","1,79","105,55","25,01",,"0,57",14,22,,
WAB0034179,"26,96","1,13","82,33","26,93","2,23","6,43",19,18,CLEFT,ERECT
WAB0034189,"46,24","1,93","123,64","26,36",,"0,55",21,15,,
WAB0034191,"37,06","1,87","142,39","24,42","1,07","5,97",8,8,,
WAB0034192,"41,28","2,00","133,94","23,79","1,20","0,65",17,14,,
WAB0034207,"31,05","0,90","102,00","30,40","3,80","6,00",8,48,CLEFT,ERECT
WAB0034208,"26,05","1,30","98,00","22,60","1,50","8,50",5,5,ACUTE TO ACCUMUNATE,ERECT
WAB0034209,"36,31","1,65","121,06","31,08",,"5,00",39,16,,
WAB0034211,"28,32","1,00","85,00","18,60","1,43","6,07",5,5,CLEFT,ERECT
WAB0034229,"33,83",,"113,94","27,80","0,83",,14,14,,
WAB0034236,"36,54","1,87","123,38","26,34","1,14",,16,12,,
WAB0034238,"16,78","0,97","69,00","17,53","1,53","4,77",22,19,ACUTE TO ACCUMUNATE,ERECT
WAB0034244,"50,46","1,57","114,84","24,51",,"0,60",11,9,,
WAB0034275,"48,08","1,73","113,33","31,77","0,47","5,50",22,5,TIP ROUND OR TRUNCATE,INTERMEDIATE
WAB0034279,"33,58",,"124,81","28,58",,"0,50",18,17,,
WAB0034287,"20,78","1,23","95,33","22,23","1,03","5,77",9,9,MIXTURE,ERECT
WAB0034288,"33,64","1,60","115,78","27,16",,,29,24,,
WAB0034291,"43,26","1,73","101,00","23,65",,,18,29,,
WAB0034298,"18,70","1,03","71,67","21,77","0,80","4,80",5,4,ACUTE TO ACCUMUNATE,ERECT
WAB0034309,"42,81",,"132,73","24,53","1,58","0,89",21,16,,
WAB0034326,"21,00","1,23","82,00","24,63","1,03","5,90",7,6,ACUTE TO ACCUMUNATE,ERECT
WAB0034344,,"1,47","166,70",,,,7,6,,
WAB0034352,"40,75","1,40","114,00","27,20","2,70","7,30",45,43,ACUTE TO ACCUMUNATE,ERECT
WAB0034377,"35,11","1,30","121,77","23,01",,"0,53",18,14,,
WAB0034453,"29,94","0,97","82,00","30,43","1,97","5,67",21,19,CLEFT,ERECT
WAB0034567,"46,09",,"141,84","24,86","1,65","0,66",15,14,,
WAB0034728,"35,75","1,26","138,77","27,41",,,21,14,,
WAB0034730,"42,08","1,23","120,67","32,27","0,47","6,73",20,8,TIP ROUND OR TRUNCATE,SPREADING
WAB0034761,"45,54",,"135,76","26,19",,"0,56",29,23,,
WAB0034797,"42,46","1,78","141,13","21,36",,,18,11,,
WAB0034825,"37,33","1,99","112,14","27,90",,,18,11,,
WAB0034869,"36,24","1,53","126,67","25,97","1,83","6,10",12,10,CLEFT,ERECT
WAB0034900,"38,81","1,94","122,35","23,40",,,29,21,,
WAB0034929,"20,45","0,90","75,00","24,20","2,20","5,20",29,28,CLEFT,ERECT
WAB0034943,"44,57",,"112,56","25,63",,"0,56",29,25,,
WAB0034949,"37,87","1,60","128,53","28,52",,"0,60",27,21,,
WAB0035065,"41,70","1,36","133,30","27,07",,"0,53",22,18,,
WAB0035075,"21,93","1,25","78,50","26,30","1,65","6,15",16,14,CLEFT,INTERMEDIATE
WAB0035119,"35,66","1,63","101,33","30,20","2,10","6,47",8,7,MIXTURE,ERECT
WAB0035172,"26,64","1,03","74,67","25,10","1,53","6,13",14,12,CLEFT,ERECT
WAB0035181,"28,90","1,17","74,33","26,53","1,77","6,47",19,17,ACUTE TO ACCUMUNATE,ERECT
WAB0036163,"33,48","2,23","113,31","25,24",,,24,22,,
WAB0036192,"31,03","2,03","109,02","25,22",,,21,15,,
WAB0036223,"51,87","1,53","120,71","29,60","0,91","0,69",22,10,,
WAB0037028,"37,82","1,62","130,68","28,89",,"0,52",15,11,,
WAB0037036,"40,16",,"129,12","19,86",,"0,59",13,8,,
WAB0037135,"33,12","1,47","120,00","22,30","1,17","8,23",7,6,MIXTURE,ERECT
WAB0037419,"33,94","1,70","125,37","22,67",,"0,55",20,17,,
WAB0037423,"32,36","1,63","123,80","31,08",,,41,3,,
WAB0038058,"34,98","1,53","118,33","27,57","1,63","6,37",7,6,ACUTE TO ACCUMUNATE,ERECT
WAB0038411,"32,72","1,43","117,00","25,57","1,10","7,70",13,11,CLEFT,ERECT
WAB0038421,"31,47","1,71","134,60","23,00","1,47",,12,11,,
WAB0038424,"33,64","1,43","120,67","26,67","1,10","9,10",13,11,CLEFT,ERECT
WAB0038848,"33,04","1,70","118,00","25,47","1,03","8,20",11,8,CLEFT,ERECT
WAB0038853,"35,10","1,20","99,67","25,93","2,73","8,07",6,6,ACUTE TO ACCUMUNATE,ERECT
WAB0038887,"37,32","1,57","112,67","29,23","2,20","5,30",12,11,CLEFT,ERECT
WAB0038888,"31,00","2,00","107,00","24,40","2,10","7,00",5,4,CLEFT,ERECT
WAB0038918,"30,62","1,80","97,04","25,27","1,68","3,50",17,16,,
WAB0038920,"30,68","1,73","90,00","24,60","1,83","7,43",14,13,ACUTE TO ACCUMUNATE,ERECT
WAB0038928,"36,30","1,40","128,87","32,13",,,13,10,,
WAB0012167,"34,20","1,80","103,67","27,27",,,6,5,,
WAB0038950,"30,06","1,90","117,67","27,47","1,50","8,47",7,6,CLEFT,ERECT
